前端基础, html&浏览器, 行内元素、块级元素, https://www.cnblogs.com/yc8930143/p/7237456.html
前端基础, html&浏览器, 跨标签页通信, https://juejin.cn/post/6844903811232825357
前端基础, html&浏览器, history和hash两种路由, https://blog.csdn.net/Charissa2017/article/details/104779412
前端基础, html&浏览器, DOM树, https://blog.poetries.top/browser-working-principle/guide/part5/lesson22.html#javascript-%E6%98%AF%E5%A6%82%E4%BD%95%E5%BD%B1%E5%93%8D-dom-%E7%94%9F%E6%88%90%E7%9A%84
前端基础, javascript, 原型链（点击这里查看）, https://github.com/mqyqingfeng/Blog/issues/2
前端基础, javascript, 继承, https://github.com/mqyqingfeng/Blog/issues/16
前端基础, javascript, 作用域, https://github.com/mqyqingfeng/Blog/issues/6
前端基础, javascript, 闭包, https://github.com/mqyqingfeng/Blog/issues/9
前端基础, javascript, 变量提升, https://github.com/mqyqingfeng/Blog/issues/5
前端基础, javascript, this的指向, https://github.com/mqyqingfeng/Blog/issues/7
前端基础, javascript, 立即执行函数, https://segmentfault.com/a/1190000003985390
前端基础, javascript, instanceof原理, https://juejin.cn/post/6844903613584654344
前端基础, javascript, bind的实现, https://github.com/mqyqingfeng/Blog/issues/12
算法, 编程题, 实现一个trim方法, https://www.cnblogs.com/rubylouvre/archive/2009/09/18/1568794.html
前端基础, css, 盒子模型, https://segmentfault.com/a/1190000013069516
前端基础, css, CSS选择器, https://segmentfault.com/a/1190000013424772
前端基础, css, BFC, https://zhuanlan.zhihu.com/p/25321647
前端基础, css, position, https://developer.mozilla.org/zh-CN/docs/Learn/CSS/CSS_layout/%E5%AE%9A%E4%BD%8D
前端基础, css, flex布局, https://developer.mozilla.org/zh-CN/docs/Web/CSS/CSS_Flexible_Box_Layout/Basic_Concepts_of_Flexbox
前端基础, css, css优先级, https://zhuanlan.zhihu.com/p/41604775
前端基础, css, 双飞冀/圣杯布局, https://juejin.cn/post/6844903817104850952
前端基础, css, CSS3新特性, https://segmentfault.com/a/1190000010780991
前端基础, css, CSS样式隔离, https://juejin.cn/post/6844904034281734151#heading-9
前端基础, css, CSS性能优化, https://blog.csdn.net/weixin_43883485/article/details/103504171
前端基础, css, 层叠上下文, https://www.zhangxinxu.com/wordpress/2016/01/understand-css-stacking-context-order-z-index/
前端基础, css, div居中, https://juejin.cn/post/6844903821529841671
前端基础, 性能, 前端性能优化指标RAIL, https://juejin.cn/post/6850037273312886797
前端基础, 性能, 前端性能优化手段, https://alienzhou.com/projects/fe-performance-journey/#%E6%97%85%E9%80%94%E7%9A%84%E8%A1%8C%E7%A8%8B%E8%B7%AF%E7%BA%BF
前端基础, 性能, 重排和重绘, https://juejin.cn/post/6844904083212468238
前端基础, 性能, 白屏, https://cloud.tencent.com/developer/article/1508941
前端基础, 性能, 大量图片加载优化, https://zhuanlan.zhihu.com/p/33370207
算法, 编程题, 实现一个deepClone方法, https://cloud.tencent.com/developer/article/1497418
算法, 算法, 斐波那契数列, https://leetcode-cn.com/problems/fibonacci-number/
其他, 其他, 最近看的书, https://bitable.feishu.cn/appqZ3ER93h8KtHXoQBX1DcER4c?table=tblyCmQgadfXai2c&view=vewExxoMGY
前端基础, css, 浮动, https://segmentfault.com/a/1190000012739764
前端基础, javascript, apply和call, https://segmentfault.com/a/1190000018017796
前端基础, javascript, 柯里化, https://github.com/mqyqingfeng/Blog/issues/42
前端基础, javascript, v8垃圾回收机制, https://juejin.cn/post/6844904016325902344
前端基础, javascript, 浮点数精度, https://github.com/mqyqingfeng/Blog/issues/155
前端基础, html&浏览器, 事件模型, https://javascript.ruanyifeng.com/dom/event.html
前端基础, javascript, new操作符, https://github.com/mqyqingfeng/Blog/issues/13
前端基础, javascript, 事件循环机制, https://zhuanlan.zhihu.com/p/33058983
前端基础, javascript, promise原理, https://juejin.cn/post/6844904063570542599
前端基础, javascript, generator原理, http://www.alloyteam.com/2016/02/generators-in-depth/
算法, 算法, 合并二维有序数组成一维有序数组, https://leetcode-cn.com/problems/he-bing-liang-ge-pai-xu-de-lian-biao-lcof/
算法, 编程题, 实现 add(1)(2)(3), https://juejin.cn/post/6844904093467541517
算法, 编程题, 大数相加, https://zhuanlan.zhihu.com/p/72179476
算法, 编程题, 拍平数组, https://segmentfault.com/a/1190000021366004
前端基础, 工程化, 模块化机制, https://segmentfault.com/a/1190000017466120
前端基础, 性能, 描述下浏览器从输入网址到页面展现的整个过程, https://www.jianshu.com/p/d616d887953a
其他, 其他, 平常的学习途径, https://zhuanlan.zhihu.com/p/139064270
其他, 其他, 你比较擅长哪一块，不足的地方在哪里, https://zhuanlan.zhihu.com/p/139952856
前端基础, 性能, 动画性能, https://www.jianshu.com/p/d24a891d4de6
前端基础, html&浏览器, 缓存策略, https://juejin.cn/post/6844903593275817998
前端基础, 工程化, tree shaking, https://juejin.cn/post/6844903544756109319
前端基础, 性能, 渲染合成层, https://segmentfault.com/a/1190000014520786
前端基础, html&浏览器, 浏览器架构, https://xie.infoq.cn/article/5d36d123bfd1c56688e125ad3
前端基础, html&浏览器, 浏览器工作原理, https://www.html5rocks.com/zh/tutorials/internals/howbrowserswork/
基础, 操作系统, 进程和线程, https://juejin.cn/post/6844903801321685000
基础, 网络, 七层网络模型, https://zhuanlan.zhihu.com/p/32059190
基础, 网络, http, https://coolshell.cn/articles/19840.html
基础, 网络, https, https://zhuanlan.zhihu.com/p/26682342
基础, 网络, http2.0, https://juejin.cn/post/6844903984524705800
基础, 网络, http3.0, https://blog.csdn.net/wolfGuiDao/article/details/108729560
基础, 网络, websocket, https://blog.csdn.net/LL845876425/article/details/106393358
基础, 网络, tcp, https://coolshell.cn/articles/11564.html
基础, 网络, udp, https://zhuanlan.zhihu.com/p/337678680
前端基础, 工程化, uglify原理, https://www.h5w3.com/19480.html
前端基础, 工程化, babel原理, https://my.oschina.net/u/4088983/blog/4545928
前端基础, 工程化, webpack工作流程, https://developer.aliyun.com/article/61047
前端基础, 工程化, webpack插件机制, https://juejin.cn/post/6844903789804126222
前端基础, 工程化, webpack loader机制, https://github.com/youngwind/blog/issues/101
前端基础, 工程化, 前端微服务, https://tech.antfin.com/community/articles/536
算法, 算法, 链表：反转链表, https://leetcode-cn.com/problems/fan-zhuan-lian-biao-lcof/
算法, 算法, 链表：链表有环, https://leetcode-cn.com/problems/linked-list-cycle/
算法, 算法, 堆栈队列：判断括号字符串是否有效, https://leetcode-cn.com/problems/valid-parenthesis-string/
算法, 算法, 返回数组中第k个最大元素, https://leetcode-cn.com/problems/kth-largest-element-in-an-array/
算法, 算法, 找出数组中和为sum的n个数, https://wizardforcel.gitbooks.io/the-art-of-programming-by-july/content/02.03.html
算法, 算法, 贪心：具有给定数值的最小字符串, https://leetcode-cn.com/problems/smallest-string-with-a-given-numeric-value/
算法, 算法, 二叉树：最大深度, https://leetcode-cn.com/problems/er-cha-shu-de-shen-du-lcof/
算法, 算法, 二叉树：层次遍历, https://leetcode-cn.com/problems/binary-tree-level-order-traversal/
算法, 算法, 剪枝：判断数独是否有效, https://leetcode-cn.com/problems/valid-sudoku/
算法, 算法, 二分查找：求解平方根, https://leetcode-cn.com/problems/sqrtx/
算法, 算法, 字典树：实现一个字典树, https://leetcode-cn.com/problems/implement-trie-prefix-tree/
算法, 算法, 爬楼梯问题, https://leetcode-cn.com/problems/climbing-stairs/
算法, 算法, 最短距离, https://leetcode-cn.com/problems/shortest-distance-to-a-character/
算法, 算法, LRU缓存, https://leetcode-cn.com/problems/lru-cache/
框架, React, 合成事件, https://juejin.cn/post/6844903988794671117
框架, React, virtual dom, https://segmentfault.com/a/1190000019994425
框架, React, setState过程, https://juejin.cn/post/6844903781813993486
框架, React, fiber, https://zhuanlan.zhihu.com/p/57346388
框架, React, 高阶组件, https://zhuanlan.zhihu.com/p/24776678
框架, React, 错误处理, https://github.com/HuJiaoHJ/blog/issues/12
框架, Redux, redux核心原则, https://cn.redux.js.org/docs/introduction/ThreePrinciples.html
框架, Redux, redux核心逻辑, https://tech.meituan.com/2017/07/14/redux-design-code.html
框架, React, 性能优化, https://github.com/brickspert/blog/issues/36
框架, Vue, 数据绑定原理, https://juejin.cn/post/6844903869730799629
框架, Vue, computed和watch, https://www.cnblogs.com/tugenhua0707/p/11760466.html
框架, Vue, slot, https://juejin.cn/post/6844903927129849864
框架, Vue, next tick原理, https://www.cnblogs.com/leiting/p/13174545.html
大前端, Node, 模块机制, https://juejin.cn/post/6844904030905303054
大前端, Node, require原理, http://www.ruanyifeng.com/blog/2015/05/require.html
大前端, Node, 事件循环, https://learnku.com/articles/38802
大前端, Node, cluster原理, https://www.cnblogs.com/dashnowords/p/10958457.html
大前端, Node, 流机制, https://www.barretlee.com/blog/2017/06/06/dive-to-nodejs-at-stream-module/
大前端, Node, pipe原理, https://cloud.tencent.com/developer/article/1630068
大前端, Node, 守护进程, https://juejin.cn/post/6844903444839399438
大前端, Node, 进程通信, http://www.ayqy.net/blog/nodejs%E8%BF%9B%E7%A8%8B%E9%97%B4%E9%80%9A%E4%BF%A1/
大前端, Node, 异常处理, http://www.alloyteam.com/2013/12/node-js-series-exception-caught/
前端基础, html&浏览器, 内存泄露, https://segmentfault.com/a/1190000020231307
其他, 设计架构, 常用设计模式, https://refactoringguru.cn/design-patterns
其他, 设计架构, 重构, https://www.jianshu.com/p/f667ea3e4a11
其他, 设计架构, MVVM, https://zhuanlan.zhihu.com/p/79899786
其他, 设计架构, MVC, https://blog.csdn.net/zhangli_/article/details/50419783
其他, 设计架构, MVP, https://www.jianshu.com/p/4b754ea48a40
基础, 操作系统, 进程通信, https://www.jianshu.com/p/c1015f5ffa74
基础, 操作系统, 进程调度策略, https://blog.csdn.net/qq_35642036/article/details/82809812
基础, 操作系统, 死锁, https://www.jianshu.com/p/44125bb12ebf
基础, 操作系统, IO多路复用, https://imageslr.github.io/2020/02/27/select-poll-epoll.html
框架, Vue, keep alive, https://juejin.cn/post/6844903950886371342
算法, 编程题, 实现防抖函数, https://github.com/mqyqingfeng/Blog/issues/22
算法, 编程题, 实现节流函数, https://github.com/mqyqingfeng/Blog/issues/26
算法, 编程题, 实现字符串翻转, https://leetcode-cn.com/problems/reverse-string/
算法, 编程题, 数组去重, https://github.com/mqyqingfeng/Blog/issues/27
算法, 编程题, 实现千位分隔符, https://www.jianshu.com/p/928c68f92c0c
算法, 编程题, 判断是否是回文数, https://leetcode-cn.com/problems/palindrome-number/
算法, 编程题, 实现一个模板引擎, https://github.com/mqyqingfeng/Blog/issues/63
算法, 编程题, 判断一个数是否是素数, https://blog.csdn.net/huang_miao_xin/article/details/51331710
算法, 算法, 翻转二叉树, https://leetcode-cn.com/problems/invert-binary-tree/
算法, 编程题, 获取n以内所有的素数, https://leetcode-cn.com/problems/count-primes/solution/ru-he-gao-xiao-pan-ding-shai-xuan-su-shu-by-labula/